{"title": "Slicer4Minute Tutorial", "authors": ["Sonia Pujol, Ph.D.", "Andras Lasso"], "description": "This tutorial is a 4-minute introduction to Slicer.", "instructions": [{"action": "3D Visualization", "steps-to-follow": ["The Models module GUI display the list of models loaded in the slicer4minute scene.", "Their color and the value of their opacity (between 0.0 an 1.0)"], "image": "Resources/Images/edit_Page 11-20230614-163348.png"}, {"action": "Instruccti\u00f3n for QToolButton", "steps-to-follow": [""], "image": "Resources/Images/edit_Page 12-20230614-163351.png"}, {"action": "Instruccti\u00f3n for QToolButton", "steps-to-follow": [""], "image": "Resources/Images/edit_Page 13.0-20230614-163355.png"}, {"action": "Instruccti\u00f3n for QSlider", "steps-to-follow": [""], "image": "Resources/Images/edit_Page 13.1-20230614-163358.png"}]}